{
  "project_info": {
    "project_number": "757223062516",
    "project_id": "uasflutter-cf800",
    "storage_bucket": "uasflutter-cf800.appspot.com"
  },
  "client": [
    {
      "client_info": {
        "mobilesdk_app_id": "1:757223062516:android:393ac42470c4ce5b0017a1",
        "android_client_info": {
          "package_name": "com.example.c14190003_01"
        }
      },
      "oauth_client": [
        {
          "client_id": "757223062516-633dqtpl01e6q9l52dkrv0af2hd6fe5t.apps.googleusercontent.com",
          "client_type": 3
        }
      ],
      "api_key": [
        {
          "current_key": "AIzaSyAzukQMFmw-xfD_cIdxvSpEqay5mXbADk4"
        }
      ],
      "services": {
        "appinvite_service": {
          "other_platform_oauth_client": [
            {
              "client_id": "757223062516-633dqtpl01e6q9l52dkrv0af2hd6fe5t.apps.googleusercontent.com",
              "client_type": 3
            }
          ]
        }
      }
    }
  ],
  "configuration_version": "1"
}